<?xml version="1.0" standalone="yes"?>
<geometry>

	<listOfNodes>
		<node index='1' x_value='0.0' y_value='1.0' constant="NO"/>
		<node index='2' x_value='0.5' y_value='1.0' constant="NO"/>
		<node index='3' x_value='1.0' y_value='1.0' constant="NO"/>
		
		<node index='4' x_value='0.0' y_value='0.5' constant="NO"/>
		<node index='5' x_value='0.5' y_value='0.5' constant="NO"/>
		<node index='6' x_value='1.0' y_value='0.5' constant="NO"/>
		
		<node index='7' x_value='0.0' y_value='0.0' constant="YES"/>
		<node index='8' x_value='0.5' y_value='0.0' constant="YES"/>
		<node index='9' x_value='1.0' y_value='0.0' constant="YES"/>
	</listOfNodes>
	
	<listOfTriangles>
		
	</listOfTriangles>
	
	<listOfEdges>
		<edge index='1' spring_constant='0.5' damping_constant='0.1' start_node='1' end_node='2'/>
		<edge index='2' spring_constant='0.5' damping_constant='0.1' start_node='1' end_node='4'/>
		<edge index='3' spring_constant='0.5' damping_constant='0.1' start_node='4' end_node='7'/>
		<edge index='4' spring_constant='0.5' damping_constant='0.1' start_node='4' end_node='5'/>
		<edge index='5' spring_constant='0.5' damping_constant='0.1' start_node='2' end_node='3'/>
		<edge index='6' spring_constant='0.5' damping_constant='0.1' start_node='2' end_node='5'/>
		<edge index='7' spring_constant='0.5' damping_constant='0.1' start_node='5' end_node='6'/>
		<edge index='8' spring_constant='0.5' damping_constant='0.1' start_node='5' end_node='8'/>
		<edge index='9' spring_constant='0.5' damping_constant='0.1' start_node='3' end_node='6'/>
		<edge index='10' spring_constant='0.5' damping_constant='0.1' start_node='6' end_node='9'/>
		<edge index='11' spring_constant='0.5' damping_constant='0.1' start_node='7' end_node='8'/>
		<edge index='12' spring_constant='0.5' damping_constant='0.1' start_node='8' end_node='9'/>
		
		<edge index='13' spring_constant='0.5' damping_constant='0.1' start_node='2' end_node='1'/>
		<edge index='14' spring_constant='0.5' damping_constant='0.1' start_node='4' end_node='1'/>
		<edge index='15' spring_constant='0.5' damping_constant='0.1' start_node='7' end_node='4'/>
		<edge index='16' spring_constant='0.5' damping_constant='0.1' start_node='5' end_node='4'/>
		<edge index='17' spring_constant='0.5' damping_constant='0.1' start_node='3' end_node='2'/>
		<edge index='18' spring_constant='0.5' damping_constant='0.1' start_node='5' end_node='2'/>
		<edge index='19' spring_constant='0.5' damping_constant='0.1' start_node='6' end_node='5'/>
		<edge index='20' spring_constant='0.5' damping_constant='0.1' start_node='8' end_node='5'/>
		<edge index='21' spring_constant='0.5' damping_constant='0.1' start_node='6' end_node='3'/>
		<edge index='21' spring_constant='0.5' damping_constant='0.1' start_node='9' end_node='6'/>
		<edge index='23' spring_constant='0.5' damping_constant='0.1' start_node='8' end_node='7'/>
		<edge index='24' spring_constant='0.5' damping_constant='0.1' start_node='9' end_node='8'/>
		
	</listOfEdges>

</geometry>